discrim,network,time
0.01,0.01,4190
0.01,0.01,7284
0.01,0.01,8176
0.01,0.01,7203
0.01,0.01,7446
0.01,0.01,7061
0.01,0.01,13269
0.01,0.01,3622
0.01,0.01,26743
0.01,0.01,10483
0.01,0.01,7629
0.01,0.01,10745
0.01,0.01,12546
0.01,0.01,17143
0.01,0.01,19106
0.01,0.01,11090
0.01,0.01,11940
0.01,0.01,10932
0.01,0.01,9147
0.01,0.01,9096
0.01,0.01,10599
0.01,0.01,14957
0.01,0.01,14080
0.01,0.01,5105
0.01,0.01,4297
0.01,0.01,17233
0.01,0.01,7493
0.01,0.01,8418
0.01,0.02,5053
0.01,0.02,12123
0.01,0.02,2455
0.01,0.01,28302
0.01,0.01,17133
0.01,0.02,2556
0.01,0.02,3548
0.01,0.02,3600
0.01,0.02,4003
0.01,0.02,5603
0.01,0.02,5506
0.01,0.02,2690
0.01,0.02,5085
0.01,0.02,5369
0.01,0.02,3547
0.01,0.02,4853
0.01,0.02,4198
0.01,0.02,7422
0.01,0.02,8065
0.01,0.02,4769
0.01,0.02,5736
0.01,0.02,9879
0.01,0.02,1815
0.01,0.02,2594
0.01,0.02,4041
0.01,0.02,2859
0.01,0.02,3478
0.01,0.02,7621
0.01,0.02,3494
0.01,0.02,3778
0.01,0.03,2230
0.01,0.02,7654
0.01,0.02,4070
0.01,0.03,4549
0.01,0.03,2430
0.01,0.03,3015
0.01,0.03,3733
0.01,0.03,3000
0.01,0.03,1602
0.01,0.03,2337
0.01,0.03,2408
0.01,0.03,1785
0.01,0.03,3739
0.01,0.03,2195
0.01,0.03,4713
0.01,0.03,2095
0.01,0.03,2864
0.01,0.03,3166
0.01,0.03,5982
0.01,0.03,5101
0.01,0.03,2703
0.01,0.03,4422
0.01,0.03,5201
0.01,0.03,5345
0.01,0.03,3688
0.01,0.03,2222
0.01,0.03,2742
0.01,0.03,1041
0.01,0.03,5807
0.01,0.03,2043
0.01,0.03,1199
0.01,0.04,1394
0.01,0.03,4049
0.01,0.04,2622
0.01,0.04,4144
0.01,0.04,1922
0.01,0.04,2963
0.01,0.04,1207
0.01,0.04,2294
0.01,0.04,2166
0.01,0.04,2114
0.01,0.04,1418
0.01,0.04,1363
0.01,0.04,2503
0.01,0.04,2958
0.01,0.04,1711
0.01,0.04,2368
0.01,0.04,1158
0.01,0.04,1550
0.01,0.04,1984
0.01,0.04,1888
0.01,0.04,1469
0.01,0.04,2794
0.01,0.04,1910
0.01,0.04,1810
0.01,0.04,5983
0.01,0.04,1954
0.01,0.04,2602
0.01,0.04,3392
0.01,0.04,1160
0.01,0.04,2303
0.01,0.04,3185
0.01,0.05,2980
0.01,0.05,3423
0.01,0.05,3033
0.01,0.05,1693
0.01,0.05,1844
0.01,0.05,3135
0.01,0.05,2166
0.01,0.05,1593
0.01,0.05,601
0.01,0.05,2932
0.01,0.05,4810
0.01,0.05,2504
0.01,0.05,1689
0.01,0.05,1322
0.01,0.05,1444
0.01,0.05,1908
0.01,0.05,3803
0.01,0.05,1358
0.01,0.05,1951
0.01,0.05,1519
0.01,0.05,2039
0.01,0.05,1735
0.01,0.05,1396
0.01,0.05,4457
0.01,0.05,3000
0.01,0.05,1651
0.01,0.05,1553
0.01,0.05,3119
0.01,0.06,1227
0.01,0.05,3803
0.01,0.06,2207
0.01,0.05,3189
0.01,0.06,1026
0.01,0.06,1068
0.01,0.06,1675
0.01,0.06,1691
0.01,0.06,973
0.01,0.06,1694
0.01,0.06,1918
0.01,0.06,1734
0.01,0.06,1248
0.01,0.06,2215
0.01,0.06,3751
0.01,0.06,1395
0.01,0.06,2447
0.01,0.06,6288
0.01,0.06,1823
0.01,0.06,1260
0.01,0.06,2530
0.01,0.06,2333
0.01,0.06,1297
0.01,0.06,2063
0.01,0.06,2051
0.01,0.06,2372
0.01,0.06,738
0.01,0.06,898
0.01,0.06,1125
0.01,0.06,1967
0.01,0.06,1692
0.01,0.06,786
0.01,0.07,713
0.01,0.07,825
0.01,0.07,1710
0.01,0.07,1987
0.01,0.07,1913
0.01,0.07,1693
0.01,0.07,1786
0.01,0.07,2149
0.01,0.07,720
0.01,0.07,1573
0.01,0.07,3085
0.01,0.07,2511
0.01,0.07,2169
0.01,0.07,1275
0.01,0.07,848
0.01,0.07,797
0.01,0.07,454
0.01,0.07,851
0.01,0.07,989
0.01,0.07,3011
0.01,0.07,1351
0.01,0.07,1045
0.01,0.07,946
0.01,0.07,869
0.01,0.07,1371
0.01,0.07,2577
0.01,0.07,748
0.01,0.07,1747
0.01,0.08,286
0.01,0.07,1439
0.01,0.07,1385
0.01,0.08,752
0.01,0.08,1031
0.01,0.08,639
0.01,0.08,1082
0.01,0.08,1206
0.01,0.08,859
0.01,0.08,517
0.01,0.08,950
0.01,0.08,541
0.01,0.08,651
0.01,0.08,620
0.01,0.08,1430
0.01,0.08,2142
0.01,0.08,540
0.01,0.08,1045
0.01,0.08,446
0.01,0.08,1654
0.01,0.08,551
0.01,0.08,2424
0.01,0.08,798
0.01,0.08,1936
0.01,0.08,1212
0.01,0.08,1758
0.01,0.08,2036
0.01,0.08,606
0.01,0.08,1419
0.01,0.08,3269
0.01,0.08,1313
0.01,0.09,775
0.01,0.08,918
0.01,0.09,555
0.01,0.09,757
0.01,0.09,564
0.01,0.09,542
0.01,0.09,1250
0.01,0.09,1198
0.01,0.09,836
0.01,0.09,1242
0.01,0.09,1290
0.01,0.09,1331
0.01,0.09,863
0.01,0.09,1779
0.01,0.09,858
0.01,0.09,642
0.01,0.09,808
0.01,0.09,1056
0.01,0.09,1404
0.01,0.09,1655
0.01,0.09,1413
0.01,0.09,951
0.01,0.09,702
0.01,0.09,2226
0.01,0.09,1123
0.01,0.09,433
0.01,0.09,732
0.01,0.09,1365
0.01,0.09,738
0.01,0.09,1815
0.01,0.09,1027
0.01,0.1,559
0.01,0.1,1193
0.01,0.1,1373
0.01,0.1,1179
0.01,0.1,1489
0.01,0.1,730
0.01,0.1,523
0.01,0.1,547
0.01,0.1,1803
0.01,0.1,1658
0.01,0.1,2978
0.01,0.1,645
0.01,0.1,676
0.01,0.1,849
0.01,0.1,2363
0.01,0.1,515
0.01,0.1,1178
0.01,0.1,1236
0.01,0.1,1301
0.01,0.1,597
0.01,0.1,488
0.01,0.1,1193
0.01,0.1,1042
0.01,0.1,1430
0.01,0.1,1002
0.01,0.1,1203
0.01,0.1,4546
0.01,0.1,441
0.01,0.1,1551
0.01,0.1,1222
0.02,0.01,3571
0.02,0.01,3895
0.02,0.01,4717
0.02,0.01,7817
0.02,0.01,2912
0.02,0.01,6247
0.02,0.01,3220
0.02,0.01,7100
0.02,0.01,6013
0.02,0.01,3713
0.02,0.01,3470
0.02,0.01,6537
0.02,0.01,14849
0.02,0.01,3760
0.02,0.01,12871
0.02,0.01,3631
0.02,0.01,4808
0.02,0.01,2643
0.02,0.01,1927
0.02,0.01,1987
0.02,0.01,3094
0.02,0.01,11247
0.02,0.01,17210
0.02,0.01,12404
0.02,0.01,2320
0.02,0.01,7942
0.02,0.01,2772
0.02,0.01,5208
0.02,0.01,12785
0.02,0.02,1730
0.02,0.02,662
0.02,0.02,1846
0.02,0.02,3024
0.02,0.02,3338
0.02,0.02,1948
0.02,0.01,10121
0.02,0.02,2210
0.02,0.02,4842
0.02,0.02,1562
0.02,0.02,1497
0.02,0.02,2156
0.02,0.02,2206
0.02,0.02,2743
0.02,0.02,4743
0.02,0.02,4891
0.02,0.02,1567
0.02,0.02,1462
0.02,0.02,1975
0.02,0.02,3718
0.02,0.02,2321
0.02,0.02,1141
0.02,0.02,3605
0.02,0.02,2053
0.02,0.02,2811
0.02,0.02,1336
0.02,0.02,982
0.02,0.02,6634
0.02,0.02,1921
0.02,0.03,833
0.02,0.03,745
0.02,0.02,2851
0.02,0.02,4442
0.02,0.03,2616
0.02,0.03,1675
0.02,0.03,1149
0.02,0.03,867
0.02,0.03,833
0.02,0.03,2594
0.02,0.03,1275
0.02,0.03,2225
0.02,0.03,1018
0.02,0.03,787
0.02,0.03,1553
0.02,0.03,1846
0.02,0.03,1502
0.02,0.03,1249
0.02,0.03,1405
0.02,0.03,1269
0.02,0.03,741
0.02,0.03,1940
0.02,0.03,938
0.02,0.03,2698
0.02,0.03,1954
0.02,0.03,494
0.02,0.03,4750
0.02,0.03,1339
0.02,0.03,838
0.02,0.03,2794
0.02,0.03,866
0.02,0.03,1830
0.02,0.04,1046
0.02,0.04,1674
0.02,0.04,1176
0.02,0.04,597
0.02,0.04,2564
0.02,0.04,1096
0.02,0.04,1136
0.02,0.04,965
0.02,0.04,426
0.02,0.04,1275
0.02,0.04,1185
0.02,0.04,2323
0.02,0.04,406
0.02,0.04,429
0.02,0.04,3064
0.02,0.04,1221
0.02,0.04,625
0.02,0.04,1626
0.02,0.04,1501
0.02,0.04,1144
0.02,0.04,2209
0.02,0.04,1160
0.02,0.04,1337
0.02,0.04,1181
0.02,0.04,1023
0.02,0.04,997
0.02,0.04,1377
0.02,0.04,975
0.02,0.04,1258
0.02,0.04,1139
0.02,0.05,385
0.02,0.05,632
0.02,0.05,856
0.02,0.05,850
0.02,0.05,2125
0.02,0.05,915
0.02,0.05,1138
0.02,0.05,1531
0.02,0.05,731
0.02,0.05,1003
0.02,0.05,469
0.02,0.05,396
0.02,0.05,454
0.02,0.05,424
0.02,0.05,1019
0.02,0.05,1349
0.02,0.05,338
0.02,0.05,1020
0.02,0.05,336
0.02,0.05,901
0.02,0.05,876
0.02,0.05,1034
0.02,0.05,527
0.02,0.05,482
0.02,0.05,1900
0.02,0.05,473
0.02,0.05,502
0.02,0.05,1740
0.02,0.06,376
0.02,0.05,811
0.02,0.06,790
0.02,0.05,1432
0.02,0.06,597
0.02,0.06,497
0.02,0.06,387
0.02,0.06,351
0.02,0.06,1153
0.02,0.06,875
0.02,0.06,678
0.02,0.06,412
0.02,0.06,968
0.02,0.06,896
0.02,0.06,824
0.02,0.06,553
0.02,0.06,654
0.02,0.06,635
0.02,0.06,635
0.02,0.06,1165
0.02,0.06,645
0.02,0.06,778
0.02,0.06,1222
0.02,0.06,1654
0.02,0.06,650
0.02,0.06,571
0.02,0.06,536
0.02,0.06,1141
0.02,0.06,737
0.02,0.06,660
0.02,0.07,259
0.02,0.06,651
0.02,0.07,466
0.02,0.06,1029
0.02,0.07,465
0.02,0.07,498
0.02,0.07,726
0.02,0.07,456
0.02,0.07,763
0.02,0.07,354
0.02,0.07,401
0.02,0.07,439
0.02,0.07,327
0.02,0.07,438
0.02,0.07,1069
0.02,0.07,1166
0.02,0.07,1376
0.02,0.07,916
0.02,0.07,1693
0.02,0.07,492
0.02,0.07,615
0.02,0.07,308
0.02,0.07,747
0.02,0.07,648
0.02,0.07,560
0.02,0.07,1101
0.02,0.07,424
0.02,0.07,1406
0.02,0.07,1159
0.02,0.07,345
0.02,0.07,892
0.02,0.08,643
0.02,0.07,1039
0.02,0.08,262
0.02,0.08,360
0.02,0.08,1087
0.02,0.08,480
0.02,0.08,1295
0.02,0.08,682
0.02,0.08,369
0.02,0.08,682
0.02,0.08,531
0.02,0.08,510
0.02,0.08,411
0.02,0.08,617
0.02,0.08,755
0.02,0.08,383
0.02,0.08,340
0.02,0.08,700
0.02,0.08,143
0.02,0.08,902
0.02,0.08,419
0.02,0.08,443
0.02,0.08,618
0.02,0.08,393
0.02,0.08,514
0.02,0.08,507
0.02,0.08,308
0.02,0.08,327
0.02,0.08,470
0.02,0.08,612
0.02,0.08,534
0.02,0.09,452
0.02,0.09,396
0.02,0.09,586
0.02,0.09,828
0.02,0.09,652
0.02,0.09,462
0.02,0.09,1610
0.02,0.09,383
0.02,0.09,1395
0.02,0.09,322
0.02,0.09,321
0.02,0.09,842
0.02,0.09,1076
0.02,0.09,236
0.02,0.09,276
0.02,0.09,286
0.02,0.09,618
0.02,0.09,337
0.02,0.09,589
0.02,0.09,367
0.02,0.09,547
0.02,0.09,885
0.02,0.09,331
0.02,0.09,439
0.02,0.09,539
0.02,0.09,529
0.02,0.09,281
0.02,0.09,297
0.02,0.09,429
0.02,0.09,214
0.02,0.1,349
0.02,0.1,350
0.02,0.1,500
0.02,0.1,593
0.02,0.1,622
0.02,0.1,492
0.02,0.1,302
0.02,0.1,372
0.02,0.1,359
0.02,0.1,302
0.02,0.1,351
0.02,0.1,1754
0.02,0.1,401
0.02,0.1,280
0.02,0.1,670
0.02,0.1,409
0.02,0.1,515
0.02,0.1,300
0.02,0.1,232
0.02,0.1,234
0.02,0.1,443
0.02,0.1,1376
0.02,0.1,299
0.02,0.1,706
0.02,0.1,428
0.02,0.1,537
0.02,0.1,790
0.02,0.1,629
0.02,0.1,584
0.02,0.1,487
0.03,0.01,1639
0.03,0.01,2585
0.03,0.01,3555
0.03,0.01,1498
0.03,0.01,2829
0.03,0.01,1862
0.03,0.01,1728
0.03,0.01,3493
0.03,0.01,2740
0.03,0.01,8576
0.03,0.01,2451
0.03,0.01,2146
0.03,0.01,5496
0.03,0.01,2807
0.03,0.01,10019
0.03,0.01,8598
0.03,0.01,6273
0.03,0.01,2711
0.03,0.01,3633
0.03,0.01,2106
0.03,0.01,4243
0.03,0.01,3357
0.03,0.01,3070
0.03,0.01,3050
0.03,0.01,2587
0.03,0.01,3234
0.03,0.01,2348
0.03,0.01,2419
0.03,0.02,1495
0.03,0.01,10859
0.03,0.02,1663
0.03,0.02,3213
0.03,0.01,4903
0.03,0.02,2149
0.03,0.02,2487
0.03,0.02,840
0.03,0.02,1843
0.03,0.02,700
0.03,0.02,739
0.03,0.02,2563
0.03,0.02,742
0.03,0.02,878
0.03,0.02,1147
0.03,0.02,1456
0.03,0.02,835
0.03,0.02,1008
0.03,0.02,679
0.03,0.02,677
0.03,0.02,1402
0.03,0.02,2126
0.03,0.02,453
0.03,0.02,3570
0.03,0.02,1199
0.03,0.02,2231
0.03,0.02,480
0.03,0.02,873
0.03,0.02,1127
0.03,0.02,1256
0.03,0.03,1147
0.03,0.02,1666
0.03,0.02,1356
0.03,0.03,460
0.03,0.03,1077
0.03,0.03,629
0.03,0.03,1200
0.03,0.03,1506
0.03,0.03,480
0.03,0.03,415
0.03,0.03,961
0.03,0.03,1016
0.03,0.03,548
0.03,0.03,932
0.03,0.03,680
0.03,0.03,1194
0.03,0.03,1140
0.03,0.03,1246
0.03,0.03,797
0.03,0.03,2447
0.03,0.03,1468
0.03,0.03,718
0.03,0.03,525
0.03,0.03,1018
0.03,0.03,1639
0.03,0.03,1192
0.03,0.03,908
0.03,0.03,991
0.03,0.03,827
0.03,0.04,420
0.03,0.03,1361
0.03,0.03,2080
0.03,0.04,299
0.03,0.03,1125
0.03,0.04,660
0.03,0.04,1063
0.03,0.04,536
0.03,0.04,433
0.03,0.04,457
0.03,0.04,957
0.03,0.04,1517
0.03,0.04,458
0.03,0.04,492
0.03,0.04,905
0.03,0.04,1427
0.03,0.04,948
0.03,0.04,726
0.03,0.04,702
0.03,0.04,483
0.03,0.04,1182
0.03,0.04,1067
0.03,0.04,160
0.03,0.04,3158
0.03,0.04,1050
0.03,0.04,1390
0.03,0.04,323
0.03,0.04,1506
0.03,0.04,796
0.03,0.04,2543
0.03,0.04,944
0.03,0.05,262
0.03,0.05,274
0.03,0.04,629
0.03,0.04,695
0.03,0.05,422
0.03,0.05,462
0.03,0.05,373
0.03,0.05,322
0.03,0.05,321
0.03,0.05,444
0.03,0.05,715
0.03,0.05,433
0.03,0.05,733
0.03,0.05,710
0.03,0.05,788
0.03,0.05,591
0.03,0.05,422
0.03,0.05,1696
0.03,0.05,946
0.03,0.05,208
0.03,0.05,465
0.03,0.05,255
0.03,0.05,761
0.03,0.05,616
0.03,0.05,360
0.03,0.05,1002
0.03,0.05,894
0.03,0.05,385
0.03,0.05,438
0.03,0.05,351
0.03,0.05,487
0.03,0.06,225
0.03,0.05,518
0.03,0.06,269
0.03,0.06,316
0.03,0.06,729
0.03,0.06,738
0.03,0.06,841
0.03,0.06,1089
0.03,0.06,632
0.03,0.06,506
0.03,0.06,694
0.03,0.06,425
0.03,0.06,333
0.03,0.06,433
0.03,0.06,541
0.03,0.06,249
0.03,0.06,309
0.03,0.06,1097
0.03,0.06,261
0.03,0.06,780
0.03,0.06,403
0.03,0.06,420
0.03,0.06,929
0.03,0.06,225
0.03,0.06,346
0.03,0.06,414
0.03,0.06,388
0.03,0.06,255
0.03,0.06,313
0.03,0.06,582
0.03,0.07,311
0.03,0.07,220
0.03,0.06,960
0.03,0.07,359
0.03,0.07,782
0.03,0.07,220
0.03,0.07,264
0.03,0.07,593
0.03,0.07,430
0.03,0.07,930
0.03,0.07,568
0.03,0.07,859
0.03,0.07,517
0.03,0.07,488
0.03,0.07,331
0.03,0.07,182
0.03,0.07,366
0.03,0.07,300
0.03,0.07,370
0.03,0.07,503
0.03,0.07,419
0.03,0.07,466
0.03,0.07,276
0.03,0.07,609
0.03,0.07,304
0.03,0.07,255
0.03,0.07,209
0.03,0.07,809
0.03,0.07,294
0.03,0.08,118
0.03,0.08,296
0.03,0.07,608
0.03,0.07,1116
0.03,0.08,248
0.03,0.08,615
0.03,0.08,225
0.03,0.08,169
0.03,0.08,193
0.03,0.08,990
0.03,0.08,437
0.03,0.08,460
0.03,0.08,316
0.03,0.08,484
0.03,0.08,188
0.03,0.08,242
0.03,0.08,489
0.03,0.08,314
0.03,0.08,365
0.03,0.08,254
0.03,0.08,495
0.03,0.08,724
0.03,0.08,671
0.03,0.08,311
0.03,0.08,236
0.03,0.08,576
0.03,0.08,595
0.03,0.08,118
0.03,0.08,264
0.03,0.08,569
0.03,0.09,253
0.03,0.09,156
0.03,0.08,472
0.03,0.08,913
0.03,0.09,402
0.03,0.09,212
0.03,0.09,273
0.03,0.09,306
0.03,0.09,379
0.03,0.09,187
0.03,0.09,244
0.03,0.09,127
0.03,0.09,145
0.03,0.09,223
0.03,0.09,252
0.03,0.09,227
0.03,0.09,1225
0.03,0.09,181
0.03,0.09,228
0.03,0.09,258
0.03,0.09,273
0.03,0.09,195
0.03,0.09,139
0.03,0.09,350
0.03,0.09,486
0.03,0.09,545
0.03,0.09,242
0.03,0.09,253
0.03,0.09,492
0.03,0.09,135
0.03,0.09,338
0.03,0.09,713
0.03,0.1,171
0.03,0.1,165
0.03,0.1,141
0.03,0.1,487
0.03,0.1,267
0.03,0.1,404
0.03,0.1,284
0.03,0.1,140
0.03,0.1,163
0.03,0.1,140
0.03,0.1,237
0.03,0.1,501
0.03,0.1,613
0.03,0.1,239
0.03,0.1,311
0.03,0.1,308
0.03,0.1,257
0.03,0.1,152
0.03,0.1,161
0.03,0.1,97
0.03,0.1,180
0.03,0.1,197
0.03,0.1,237
0.03,0.1,195
0.03,0.1,412
0.03,0.1,274
0.03,0.1,486
0.03,0.1,296
0.03,0.1,566
0.03,0.1,492
0.04,0.01,2003
0.04,0.01,2486
0.04,0.01,4240
0.04,0.01,3831
0.04,0.01,1972
0.04,0.01,1265
0.04,0.01,1246
0.04,0.01,1797
0.04,0.01,2990
0.04,0.01,1950
0.04,0.01,3304
0.04,0.01,1990
0.04,0.01,2376
0.04,0.01,2850
0.04,0.01,2335
0.04,0.01,3291
0.04,0.01,1822
0.04,0.01,1105
0.04,0.01,1440
0.04,0.01,1759
0.04,0.01,1731
0.04,0.01,1460
0.04,0.01,4768
0.04,0.01,1703
0.04,0.01,7253
0.04,0.01,2430
0.04,0.01,3344
0.04,0.01,2851
0.04,0.02,1092
0.04,0.02,1125
0.04,0.02,977
0.04,0.01,2339
0.04,0.02,1155
0.04,0.02,1253
0.04,0.02,1210
0.04,0.02,1097
0.04,0.02,1233
0.04,0.02,1300
0.04,0.02,671
0.04,0.02,1372
0.04,0.02,1500
0.04,0.01,7765
0.04,0.02,1458
0.04,0.02,925
0.04,0.02,479
0.04,0.02,2075
0.04,0.02,695
0.04,0.02,1024
0.04,0.02,957
0.04,0.02,671
0.04,0.02,1031
0.04,0.02,1091
0.04,0.02,2307
0.04,0.02,277
0.04,0.02,1131
0.04,0.02,616
0.04,0.02,923
0.04,0.02,445
0.04,0.02,1480
0.04,0.03,285
0.04,0.03,494
0.04,0.03,1376
0.04,0.02,1739
0.04,0.03,746
0.04,0.03,1295
0.04,0.03,1352
0.04,0.03,1322
0.04,0.03,591
0.04,0.03,1158
0.04,0.03,1149
0.04,0.03,1182
0.04,0.03,426
0.04,0.03,412
0.04,0.03,596
0.04,0.03,536
0.04,0.03,1230
0.04,0.03,1304
0.04,0.03,389
0.04,0.03,305
0.04,0.03,1330
0.04,0.03,2371
0.04,0.03,359
0.04,0.03,1007
0.04,0.03,439
0.04,0.03,960
0.04,0.03,742
0.04,0.03,818
0.04,0.03,793
0.04,0.03,589
0.04,0.04,252
0.04,0.04,1047
0.04,0.03,1348
0.04,0.04,1246
0.04,0.04,835
0.04,0.04,382
0.04,0.04,458
0.04,0.04,492
0.04,0.04,563
0.04,0.04,819
0.04,0.04,503
0.04,0.04,719
0.04,0.04,193
0.04,0.04,396
0.04,0.04,509
0.04,0.04,488
0.04,0.04,798
0.04,0.04,765
0.04,0.04,1005
0.04,0.04,218
0.04,0.04,337
0.04,0.04,431
0.04,0.04,305
0.04,0.04,1396
0.04,0.04,892
0.04,0.04,973
0.04,0.04,811
0.04,0.04,1113
0.04,0.04,495
0.04,0.04,683
0.04,0.04,782
0.04,0.05,536
0.04,0.05,346
0.04,0.05,783
0.04,0.05,422
0.04,0.05,553
0.04,0.05,130
0.04,0.05,420
0.04,0.05,176
0.04,0.05,245
0.04,0.05,192
0.04,0.05,491
0.04,0.05,269
0.04,0.05,603
0.04,0.05,1524
0.04,0.05,358
0.04,0.05,573
0.04,0.05,199
0.04,0.05,282
0.04,0.05,592
0.04,0.05,441
0.04,0.05,468
0.04,0.05,494
0.04,0.05,263
0.04,0.05,383
0.04,0.05,452
0.04,0.05,629
0.04,0.05,134
0.04,0.05,480
0.04,0.05,657
0.04,0.05,393
0.04,0.06,469
0.04,0.06,429
0.04,0.06,452
0.04,0.06,198
0.04,0.06,470
0.04,0.06,356
0.04,0.06,286
0.04,0.06,459
0.04,0.06,1074
0.04,0.06,287
0.04,0.06,337
0.04,0.06,329
0.04,0.06,411
0.04,0.06,174
0.04,0.06,254
0.04,0.06,189
0.04,0.06,930
0.04,0.06,276
0.04,0.06,486
0.04,0.06,343
0.04,0.06,515
0.04,0.06,339
0.04,0.06,249
0.04,0.06,448
0.04,0.06,259
0.04,0.06,281
0.04,0.06,159
0.04,0.06,233
0.04,0.06,841
0.04,0.06,955
0.04,0.07,239
0.04,0.07,283
0.04,0.07,140
0.04,0.07,95
0.04,0.07,147
0.04,0.07,293
0.04,0.07,402
0.04,0.07,297
0.04,0.07,221
0.04,0.07,305
0.04,0.07,254
0.04,0.07,238
0.04,0.07,499
0.04,0.07,299
0.04,0.07,134
0.04,0.07,713
0.04,0.07,532
0.04,0.07,436
0.04,0.07,190
0.04,0.07,85
0.04,0.07,255
0.04,0.07,177
0.04,0.07,374
0.04,0.07,531
0.04,0.07,190
0.04,0.07,400
0.04,0.07,804
0.04,0.07,443
0.04,0.07,857
0.04,0.08,130
0.04,0.07,448
0.04,0.08,185
0.04,0.08,232
0.04,0.08,340
0.04,0.08,198
0.04,0.08,128
0.04,0.08,267
0.04,0.08,196
0.04,0.08,162
0.04,0.08,440
0.04,0.08,318
0.04,0.08,204
0.04,0.08,85
0.04,0.08,280
0.04,0.08,393
0.04,0.08,296
0.04,0.08,345
0.04,0.08,270
0.04,0.08,144
0.04,0.08,184
0.04,0.08,314
0.04,0.08,456
0.04,0.08,123
0.04,0.08,215
0.04,0.08,371
0.04,0.08,188
0.04,0.08,265
0.04,0.08,516
0.04,0.09,280
0.04,0.08,425
0.04,0.09,64
0.04,0.09,207
0.04,0.08,826
0.04,0.09,564
0.04,0.09,295
0.04,0.09,185
0.04,0.09,101
0.04,0.09,262
0.04,0.09,159
0.04,0.09,103
0.04,0.09,195
0.04,0.09,85
0.04,0.09,245
0.04,0.09,482
0.04,0.09,226
0.04,0.09,164
0.04,0.09,81
0.04,0.09,82
0.04,0.09,399
0.04,0.09,222
0.04,0.09,196
0.04,0.09,284
0.04,0.09,324
0.04,0.09,116
0.04,0.09,183
0.04,0.09,159
0.04,0.09,332
0.04,0.09,133
0.04,0.09,156
0.04,0.1,131
0.04,0.09,600
0.04,0.1,192
0.04,0.1,71
0.04,0.1,173
0.04,0.1,249
0.04,0.1,213
0.04,0.1,251
0.04,0.1,189
0.04,0.1,217
0.04,0.1,158
0.04,0.1,350
0.04,0.1,249
0.04,0.1,170
0.04,0.1,205
0.04,0.1,133
0.04,0.1,78
0.04,0.1,199
0.04,0.1,262
0.04,0.1,85
0.04,0.1,68
0.04,0.1,181
0.04,0.1,210
0.04,0.1,272
0.04,0.1,145
0.04,0.1,129
0.04,0.1,220
0.04,0.1,158
0.04,0.1,125
0.04,0.1,207
0.04,0.1,235
0.05,0.01,914
0.05,0.01,1572
0.05,0.01,2577
0.05,0.01,2623
0.05,0.01,2549
0.05,0.01,1780
0.05,0.01,1749
0.05,0.01,1201
0.05,0.01,2752
0.05,0.01,2190
0.05,0.01,2526
0.05,0.01,1395
0.05,0.01,3589
0.05,0.01,1015
0.05,0.01,2935
0.05,0.01,2518
0.05,0.01,1237
0.05,0.01,1984
0.05,0.01,1041
0.05,0.01,1991
0.05,0.01,2140
0.05,0.01,1257
0.05,0.01,2095
0.05,0.01,1369
0.05,0.01,2130
0.05,0.01,985
0.05,0.01,4262
0.05,0.01,1373
0.05,0.02,766
0.05,0.02,797
0.05,0.01,4171
0.05,0.02,541
0.05,0.01,3033
0.05,0.02,775
0.05,0.02,513
0.05,0.02,1293
0.05,0.02,560
0.05,0.02,2189
0.05,0.02,1719
0.05,0.02,747
0.05,0.02,492
0.05,0.02,1680
0.05,0.02,1297
0.05,0.02,685
0.05,0.02,800
0.05,0.02,277
0.05,0.02,1338
0.05,0.02,1391
0.05,0.02,1349
0.05,0.02,1480
0.05,0.02,729
0.05,0.02,1828
0.05,0.02,559
0.05,0.02,1137
0.05,0.02,581
0.05,0.02,803
0.05,0.02,911
0.05,0.02,839
0.05,0.02,1221
0.05,0.02,592
0.05,0.03,658
0.05,0.03,422
0.05,0.03,785
0.05,0.03,266
0.05,0.03,1208
0.05,0.03,269
0.05,0.03,662
0.05,0.03,658
0.05,0.03,339
0.05,0.03,337
0.05,0.03,713
0.05,0.03,576
0.05,0.03,598
0.05,0.03,1414
0.05,0.03,319
0.05,0.03,301
0.05,0.03,394
0.05,0.03,1593
0.05,0.03,563
0.05,0.03,413
0.05,0.03,2620
0.05,0.03,229
0.05,0.03,919
0.05,0.03,412
0.05,0.03,496
0.05,0.03,531
0.05,0.03,1796
0.05,0.03,664
0.05,0.03,676
0.05,0.03,940
0.05,0.04,639
0.05,0.04,389
0.05,0.04,450
0.05,0.04,561
0.05,0.04,449
0.05,0.04,453
0.05,0.04,423
0.05,0.04,613
0.05,0.04,312
0.05,0.04,596
0.05,0.04,344
0.05,0.04,228
0.05,0.04,340
0.05,0.04,684
0.05,0.04,267
0.05,0.04,302
0.05,0.04,351
0.05,0.04,293
0.05,0.04,384
0.05,0.04,471
0.05,0.04,262
0.05,0.04,322
0.05,0.04,204
0.05,0.04,424
0.05,0.04,228
0.05,0.04,227
0.05,0.04,353
0.05,0.05,172
0.05,0.04,532
0.05,0.05,358
0.05,0.04,672
0.05,0.04,765
0.05,0.05,298
0.05,0.05,560
0.05,0.05,420
0.05,0.05,223
0.05,0.05,232
0.05,0.05,561
0.05,0.05,154
0.05,0.05,115
0.05,0.05,136
0.05,0.05,323
0.05,0.05,260
0.05,0.05,319
0.05,0.05,505
0.05,0.05,174
0.05,0.05,579
0.05,0.05,445
0.05,0.05,379
0.05,0.05,268
0.05,0.05,278
0.05,0.05,161
0.05,0.05,247
0.05,0.05,210
0.05,0.05,128
0.05,0.05,181
0.05,0.05,694
0.05,0.05,372
0.05,0.06,169
0.05,0.06,350
0.05,0.05,403
0.05,0.05,694
0.05,0.06,178
0.05,0.06,195
0.05,0.06,367
0.05,0.06,359
0.05,0.06,821
0.05,0.06,547
0.05,0.06,163
0.05,0.06,487
0.05,0.06,127
0.05,0.06,426
0.05,0.06,308
0.05,0.06,283
0.05,0.06,277
0.05,0.06,199
0.05,0.06,308
0.05,0.06,179
0.05,0.06,85
0.05,0.06,95
0.05,0.06,194
0.05,0.06,431
0.05,0.06,180
0.05,0.06,190
0.05,0.06,298
0.05,0.06,220
0.05,0.06,209
0.05,0.06,188
0.05,0.06,289
0.05,0.07,108
0.05,0.06,633
0.05,0.07,260
0.05,0.07,200
0.05,0.07,232
0.05,0.07,162
0.05,0.07,334
0.05,0.07,287
0.05,0.07,637
0.05,0.07,271
0.05,0.07,340
0.05,0.07,123
0.05,0.07,149
0.05,0.07,257
0.05,0.07,241
0.05,0.07,231
0.05,0.07,89
0.05,0.07,135
0.05,0.07,346
0.05,0.07,145
0.05,0.07,125
0.05,0.07,263
0.05,0.07,285
0.05,0.07,480
0.05,0.07,222
0.05,0.07,273
0.05,0.07,240
0.05,0.07,225
0.05,0.07,225
0.05,0.07,169
0.05,0.08,72
0.05,0.07,224
0.05,0.08,217
0.05,0.08,101
0.05,0.08,106
0.05,0.08,131
0.05,0.08,124
0.05,0.08,295
0.05,0.08,587
0.05,0.08,174
0.05,0.08,120
0.05,0.08,115
0.05,0.08,92
0.05,0.08,141
0.05,0.08,115
0.05,0.08,92
0.05,0.08,388
0.05,0.08,154
0.05,0.08,126
0.05,0.08,79
0.05,0.08,115
0.05,0.08,130
0.05,0.08,185
0.05,0.08,118
0.05,0.08,355
0.05,0.08,527
0.05,0.08,384
0.05,0.08,244
0.05,0.08,228
0.05,0.08,185
0.05,0.08,186
0.05,0.09,127
0.05,0.09,255
0.05,0.09,165
0.05,0.09,273
0.05,0.09,64
0.05,0.09,220
0.05,0.09,167
0.05,0.09,193
0.05,0.09,126
0.05,0.09,109
0.05,0.09,257
0.05,0.09,185
0.05,0.09,292
0.05,0.09,216
0.05,0.09,104
0.05,0.09,278
0.05,0.09,133
0.05,0.09,93
0.05,0.09,362
0.05,0.09,121
0.05,0.09,172
0.05,0.09,154
0.05,0.09,75
0.05,0.09,89
0.05,0.09,241
0.05,0.09,93
0.05,0.09,196
0.05,0.09,59
0.05,0.1,135
0.05,0.1,183
0.05,0.09,378
0.05,0.09,337
0.05,0.1,69
0.05,0.1,53
0.05,0.1,86
0.05,0.1,189
0.05,0.1,177
0.05,0.1,244
0.05,0.1,378
0.05,0.1,99
0.05,0.1,75
0.05,0.1,107
0.05,0.1,83
0.05,0.1,143
0.05,0.1,117
0.05,0.1,210
0.05,0.1,188
0.05,0.1,82
0.05,0.1,92
0.05,0.1,73
0.05,0.1,186
0.05,0.1,111
0.05,0.1,138
0.05,0.1,397
0.05,0.1,241
0.05,0.1,131
0.05,0.1,104
0.05,0.1,179
0.05,0.1,226
0.05,0.1,178
0.06,0.01,666
0.06,0.01,1282
0.06,0.01,859
0.06,0.01,1319
0.06,0.01,3339
0.06,0.01,1759
0.06,0.01,1046
0.06,0.01,4113
0.06,0.01,1390
0.06,0.01,563
0.06,0.01,1790
0.06,0.01,1197
0.06,0.01,2330
0.06,0.01,1699
0.06,0.01,1966
0.06,0.01,2072
0.06,0.01,895
0.06,0.01,1778
0.06,0.01,1271
0.06,0.01,4032
0.06,0.01,2676
0.06,0.01,1800
0.06,0.01,593
0.06,0.01,1732
0.06,0.01,1089
0.06,0.01,1007
0.06,0.01,2712
0.06,0.02,478
0.06,0.01,2710
0.06,0.01,2373
0.06,0.02,857
0.06,0.02,1119
0.06,0.02,642
0.06,0.01,2514
0.06,0.02,578
0.06,0.02,314
0.06,0.02,884
0.06,0.02,565
0.06,0.02,654
0.06,0.02,1020
0.06,0.02,494
0.06,0.02,581
0.06,0.02,313
0.06,0.02,1291
0.06,0.02,499
0.06,0.02,795
0.06,0.02,410
0.06,0.02,619
0.06,0.02,1474
0.06,0.02,879
0.06,0.02,1169
0.06,0.02,341
0.06,0.02,838
0.06,0.02,612
0.06,0.02,393
0.06,0.02,2021
0.06,0.02,531
0.06,0.02,1012
0.06,0.02,707
0.06,0.03,683
0.06,0.03,553
0.06,0.03,385
0.06,0.02,1798
0.06,0.03,495
0.06,0.03,429
0.06,0.03,418
0.06,0.03,445
0.06,0.03,447
0.06,0.03,369
0.06,0.03,371
0.06,0.03,239
0.06,0.03,627
0.06,0.03,1310
0.06,0.03,159
0.06,0.03,339
0.06,0.03,356
0.06,0.03,203
0.06,0.03,452
0.06,0.03,317
0.06,0.03,336
0.06,0.03,840
0.06,0.03,953
0.06,0.03,280
0.06,0.03,1171
0.06,0.03,717
0.06,0.03,735
0.06,0.03,1174
0.06,0.03,416
0.06,0.04,276
0.06,0.04,326
0.06,0.03,518
0.06,0.04,212
0.06,0.04,214
0.06,0.04,311
0.06,0.04,479
0.06,0.03,1079
0.06,0.04,213
0.06,0.04,142
0.06,0.04,575
0.06,0.04,400
0.06,0.04,269
0.06,0.04,754
0.06,0.04,385
0.06,0.04,297
0.06,0.04,325
0.06,0.04,409
0.06,0.04,368
0.06,0.04,402
0.06,0.04,415
0.06,0.04,838
0.06,0.04,481
0.06,0.04,168
0.06,0.04,957
0.06,0.04,287
0.06,0.04,280
0.06,0.04,580
0.06,0.04,335
0.06,0.04,200
0.06,0.05,151
0.06,0.04,391
0.06,0.04,693
0.06,0.05,489
0.06,0.05,508
0.06,0.05,283
0.06,0.05,390
0.06,0.05,191
0.06,0.05,99
0.06,0.05,291
0.06,0.05,237
0.06,0.05,763
0.06,0.05,187
0.06,0.05,616
0.06,0.05,434
0.06,0.05,175
0.06,0.05,145
0.06,0.05,475
0.06,0.05,370
0.06,0.05,397
0.06,0.05,660
0.06,0.05,173
0.06,0.05,201
0.06,0.05,151
0.06,0.05,269
0.06,0.05,161
0.06,0.05,237
0.06,0.05,620
0.06,0.05,254
0.06,0.05,164
0.06,0.06,126
0.06,0.05,542
0.06,0.06,250
0.06,0.06,408
0.06,0.05,524
0.06,0.06,141
0.06,0.06,148
0.06,0.06,182
0.06,0.06,418
0.06,0.06,291
0.06,0.06,133
0.06,0.06,433
0.06,0.06,184
0.06,0.06,319
0.06,0.06,593
0.06,0.06,94
0.06,0.06,154
0.06,0.06,343
0.06,0.06,230
0.06,0.06,157
0.06,0.06,98
0.06,0.06,150
0.06,0.06,111
0.06,0.06,480
0.06,0.06,204
0.06,0.06,217
0.06,0.06,240
0.06,0.06,107
0.06,0.06,183
0.06,0.06,363
0.06,0.06,225
0.06,0.07,233
0.06,0.07,119
0.06,0.06,485
0.06,0.07,426
0.06,0.07,351
0.06,0.07,121
0.06,0.07,338
0.06,0.07,98
0.06,0.07,160
0.06,0.07,142
0.06,0.07,98
0.06,0.07,135
0.06,0.07,328
0.06,0.07,159
0.06,0.07,194
0.06,0.07,76
0.06,0.07,171
0.06,0.07,95
0.06,0.07,258
0.06,0.07,70
0.06,0.07,138
0.06,0.07,105
0.06,0.07,227
0.06,0.07,88
0.06,0.07,204
0.06,0.07,115
0.06,0.07,102
0.06,0.07,376
0.06,0.07,356
0.06,0.07,193
0.06,0.08,225
0.06,0.08,120
0.06,0.08,139
0.06,0.08,203
0.06,0.08,219
0.06,0.08,60
0.06,0.07,532
0.06,0.08,118
0.06,0.08,119
0.06,0.08,57
0.06,0.08,154
0.06,0.08,118
0.06,0.08,134
0.06,0.08,131
0.06,0.08,135
0.06,0.08,224
0.06,0.08,154
0.06,0.08,584
0.06,0.08,114
0.06,0.08,169
0.06,0.08,83
0.06,0.08,70
0.06,0.08,102
0.06,0.08,261
0.06,0.08,196
0.06,0.08,299
0.06,0.08,125
0.06,0.08,88
0.06,0.08,228
0.06,0.08,161
0.06,0.08,211
0.06,0.09,95
0.06,0.09,94
0.06,0.09,131
0.06,0.09,125
0.06,0.09,118
0.06,0.09,200
0.06,0.09,149
0.06,0.09,107
0.06,0.09,99
0.06,0.09,125
0.06,0.09,136
0.06,0.09,218
0.06,0.09,65
0.06,0.09,69
0.06,0.09,135
0.06,0.09,87
0.06,0.09,115
0.06,0.09,74
0.06,0.09,83
0.06,0.09,232
0.06,0.09,79
0.06,0.09,220
0.06,0.09,91
0.06,0.09,121
0.06,0.09,77
0.06,0.09,78
0.06,0.09,98
0.06,0.09,48
0.06,0.09,114
0.06,0.1,85
0.06,0.1,135
0.06,0.09,196
0.06,0.1,110
0.06,0.1,52
0.06,0.1,179
0.06,0.1,131
0.06,0.1,76
0.06,0.1,103
0.06,0.1,107
0.06,0.1,102
0.06,0.1,153
0.06,0.1,73
0.06,0.1,169
0.06,0.1,182
0.06,0.1,159
0.06,0.1,119
0.06,0.1,127
0.06,0.1,88
0.06,0.1,57
0.06,0.1,114
0.06,0.1,114
0.06,0.1,85
0.06,0.1,92
0.06,0.1,97
0.06,0.1,72
0.06,0.1,123
0.06,0.1,77
0.06,0.1,42
0.06,0.1,132
0.06,0.1,272
0.07,0.01,967
0.07,0.01,1229
0.07,0.01,1670
0.07,0.01,1499
0.07,0.01,2440
0.07,0.01,1564
0.07,0.01,956
0.07,0.01,1303
0.07,0.01,1818
0.07,0.01,679
0.07,0.01,3045
0.07,0.01,1788
0.07,0.01,1536
0.07,0.01,1450
0.07,0.01,820
0.07,0.01,2776
0.07,0.01,1608
0.07,0.01,937
0.07,0.01,2735
0.07,0.01,1216
0.07,0.01,1536
0.07,0.01,604
0.07,0.01,3331
0.07,0.01,3540
0.07,0.01,863
0.07,0.01,1273
0.07,0.01,1516
0.07,0.01,1447
0.07,0.01,1565
0.07,0.02,479
0.07,0.01,1721
0.07,0.02,819
0.07,0.02,1127
0.07,0.02,440
0.07,0.02,716
0.07,0.02,675
0.07,0.02,1569
0.07,0.02,718
0.07,0.02,375
0.07,0.02,910
0.07,0.02,265
0.07,0.02,1424
0.07,0.02,288
0.07,0.02,468
0.07,0.02,1136
0.07,0.02,478
0.07,0.02,369
0.07,0.02,827
0.07,0.02,602
0.07,0.02,704
0.07,0.02,388
0.07,0.02,1196
0.07,0.02,760
0.07,0.02,447
0.07,0.02,449
0.07,0.02,648
0.07,0.02,808
0.07,0.02,413
0.07,0.03,359
0.07,0.02,623
0.07,0.03,230
0.07,0.03,399
0.07,0.03,252
0.07,0.02,1361
0.07,0.03,474
0.07,0.03,541
0.07,0.03,1002
0.07,0.03,313
0.07,0.03,254
0.07,0.03,508
0.07,0.03,782
0.07,0.03,502
0.07,0.03,1012
0.07,0.03,413
0.07,0.03,769
0.07,0.03,443
0.07,0.03,372
0.07,0.03,196
0.07,0.03,532
0.07,0.03,458
0.07,0.03,648
0.07,0.03,144
0.07,0.03,734
0.07,0.03,421
0.07,0.03,426
0.07,0.03,658
0.07,0.03,383
0.07,0.03,1088
0.07,0.03,269
0.07,0.03,493
0.07,0.04,262
0.07,0.04,303
0.07,0.04,349
0.07,0.04,184
0.07,0.04,395
0.07,0.04,610
0.07,0.04,291
0.07,0.04,297
0.07,0.04,283
0.07,0.04,178
0.07,0.04,150
0.07,0.04,349
0.07,0.04,169
0.07,0.04,244
0.07,0.04,328
0.07,0.04,129
0.07,0.04,338
0.07,0.04,437
0.07,0.04,425
0.07,0.04,345
0.07,0.04,191
0.07,0.04,176
0.07,0.04,100
0.07,0.04,289
0.07,0.04,226
0.07,0.04,827
0.07,0.04,109
0.07,0.05,67
0.07,0.04,129
0.07,0.04,483
0.07,0.05,169
0.07,0.05,183
0.07,0.04,810
0.07,0.05,169
0.07,0.05,296
0.07,0.05,338
0.07,0.05,271
0.07,0.05,159
0.07,0.05,111
0.07,0.05,120
0.07,0.05,316
0.07,0.05,107
0.07,0.05,173
0.07,0.05,134
0.07,0.05,138
0.07,0.05,229
0.07,0.05,268
0.07,0.05,315
0.07,0.05,338
0.07,0.05,263
0.07,0.05,156
0.07,0.05,181
0.07,0.05,136
0.07,0.05,439
0.07,0.05,275
0.07,0.05,158
0.07,0.05,445
0.07,0.05,254
0.07,0.06,93
0.07,0.05,298
0.07,0.06,187
0.07,0.06,114
0.07,0.05,396
0.07,0.06,162
0.07,0.06,355
0.07,0.06,364
0.07,0.06,254
0.07,0.06,124
0.07,0.06,165
0.07,0.06,363
0.07,0.06,393
0.07,0.06,104
0.07,0.06,215
0.07,0.06,335
0.07,0.06,153
0.07,0.06,122
0.07,0.06,246
0.07,0.06,50
0.07,0.06,99
0.07,0.06,783
0.07,0.06,103
0.07,0.06,155
0.07,0.06,206
0.07,0.06,120
0.07,0.06,123
0.07,0.06,83
0.07,0.06,344
0.07,0.06,256
0.07,0.06,463
0.07,0.06,226
0.07,0.07,188
0.07,0.07,166
0.07,0.07,181
0.07,0.07,76
0.07,0.07,106
0.07,0.07,227
0.07,0.07,85
0.07,0.07,349
0.07,0.07,157
0.07,0.07,249
0.07,0.07,209
0.07,0.07,272
0.07,0.07,102
0.07,0.07,73
0.07,0.07,96
0.07,0.07,151
0.07,0.07,200
0.07,0.07,109
0.07,0.07,200
0.07,0.07,183
0.07,0.07,99
0.07,0.07,349
0.07,0.07,237
0.07,0.07,176
0.07,0.07,120
0.07,0.07,66
0.07,0.07,94
0.07,0.07,234
0.07,0.07,312
0.07,0.07,166
0.07,0.08,139
0.07,0.08,50
0.07,0.08,105
0.07,0.08,76
0.07,0.08,131
0.07,0.08,83
0.07,0.08,105
0.07,0.08,188
0.07,0.08,38
0.07,0.08,112
0.07,0.08,265
0.07,0.08,198
0.07,0.08,157
0.07,0.08,76
0.07,0.08,143
0.07,0.08,72
0.07,0.08,121
0.07,0.08,122
0.07,0.08,81
0.07,0.08,80
0.07,0.08,69
0.07,0.08,162
0.07,0.08,166
0.07,0.08,149
0.07,0.08,89
0.07,0.08,64
0.07,0.08,51
0.07,0.08,64
0.07,0.09,76
0.07,0.08,129
0.07,0.08,257
0.07,0.09,49
0.07,0.09,61
0.07,0.09,69
0.07,0.09,113
0.07,0.09,65
0.07,0.09,54
0.07,0.09,81
0.07,0.09,130
0.07,0.09,129
0.07,0.09,135
0.07,0.09,101
0.07,0.09,123
0.07,0.09,142
0.07,0.09,135
0.07,0.09,128
0.07,0.09,72
0.07,0.09,159
0.07,0.09,81
0.07,0.09,155
0.07,0.09,384
0.07,0.09,248
0.07,0.09,29
0.07,0.09,107
0.07,0.09,98
0.07,0.09,139
0.07,0.09,56
0.07,0.09,142
0.07,0.1,54
0.07,0.1,52
0.07,0.1,39
0.07,0.09,166
0.07,0.09,158
0.07,0.1,64
0.07,0.1,60
0.07,0.1,141
0.07,0.1,57
0.07,0.1,58
0.07,0.1,102
0.07,0.1,125
0.07,0.1,51
0.07,0.1,74
0.07,0.1,78
0.07,0.1,79
0.07,0.1,46
0.07,0.1,41
0.07,0.1,69
0.07,0.1,54
0.07,0.1,118
0.07,0.1,99
0.07,0.1,54
0.07,0.1,65
0.07,0.1,102
0.07,0.1,89
0.07,0.1,119
0.07,0.1,106
0.07,0.1,80
0.07,0.1,70
0.07,0.1,181
0.07,0.1,182
0.08,0.01,518
0.08,0.01,731
0.08,0.01,1154
0.08,0.01,1051
0.08,0.01,1693
0.08,0.01,637
0.08,0.01,994
0.08,0.01,2094
0.08,0.01,2012
0.08,0.01,994
0.08,0.01,1288
0.08,0.01,875
0.08,0.01,1057
0.08,0.01,2955
0.08,0.01,956
0.08,0.01,1174
0.08,0.01,957
0.08,0.01,790
0.08,0.01,2004
0.08,0.01,2937
0.08,0.01,981
0.08,0.01,914
0.08,0.01,1296
0.08,0.01,853
0.08,0.01,1865
0.08,0.01,2850
0.08,0.01,2040
0.08,0.02,315
0.08,0.01,1576
0.08,0.01,3202
0.08,0.02,1193
0.08,0.02,838
0.08,0.01,2533
0.08,0.02,622
0.08,0.02,395
0.08,0.02,520
0.08,0.02,429
0.08,0.02,766
0.08,0.02,490
0.08,0.02,571
0.08,0.02,409
0.08,0.02,312
0.08,0.02,788
0.08,0.02,213
0.08,0.02,596
0.08,0.02,1152
0.08,0.02,1245
0.08,0.02,529
0.08,0.02,924
0.08,0.02,1130
0.08,0.02,683
0.08,0.02,971
0.08,0.02,615
0.08,0.02,925
0.08,0.02,339
0.08,0.02,333
0.08,0.02,766
0.08,0.02,626
0.08,0.03,329
0.08,0.02,1212
0.08,0.03,261
0.08,0.03,289
0.08,0.03,418
0.08,0.02,908
0.08,0.03,170
0.08,0.03,298
0.08,0.03,306
0.08,0.03,284
0.08,0.03,284
0.08,0.03,370
0.08,0.03,239
0.08,0.03,285
0.08,0.03,350
0.08,0.03,528
0.08,0.03,597
0.08,0.03,315
0.08,0.03,219
0.08,0.03,327
0.08,0.03,245
0.08,0.03,365
0.08,0.03,235
0.08,0.03,315
0.08,0.03,415
0.08,0.03,375
0.08,0.03,248
0.08,0.03,447
0.08,0.03,190
0.08,0.03,943
0.08,0.03,419
0.08,0.04,132
0.08,0.04,203
0.08,0.03,529
0.08,0.04,104
0.08,0.04,226
0.08,0.04,176
0.08,0.04,232
0.08,0.04,216
0.08,0.04,247
0.08,0.04,312
0.08,0.04,276
0.08,0.04,664
0.08,0.04,428
0.08,0.04,233
0.08,0.04,314
0.08,0.04,147
0.08,0.04,209
0.08,0.04,259
0.08,0.04,487
0.08,0.04,139
0.08,0.04,591
0.08,0.04,171
0.08,0.04,278
0.08,0.04,265
0.08,0.04,564
0.08,0.04,94
0.08,0.04,162
0.08,0.04,231
0.08,0.04,484
0.08,0.04,431
0.08,0.04,350
0.08,0.05,218
0.08,0.05,219
0.08,0.05,107
0.08,0.05,236
0.08,0.05,393
0.08,0.05,156
0.08,0.05,361
0.08,0.05,94
0.08,0.05,219
0.08,0.05,97
0.08,0.05,142
0.08,0.05,168
0.08,0.05,85
0.08,0.05,120
0.08,0.05,122
0.08,0.05,242
0.08,0.05,185
0.08,0.05,188
0.08,0.05,283
0.08,0.05,414
0.08,0.05,124
0.08,0.05,230
0.08,0.05,320
0.08,0.05,102
0.08,0.05,110
0.08,0.05,242
0.08,0.05,169
0.08,0.05,87
0.08,0.05,171
0.08,0.06,210
0.08,0.06,126
0.08,0.06,267
0.08,0.06,129
0.08,0.06,86
0.08,0.06,217
0.08,0.05,665
0.08,0.06,159
0.08,0.06,79
0.08,0.06,183
0.08,0.06,256
0.08,0.06,180
0.08,0.06,87
0.08,0.06,249
0.08,0.06,137
0.08,0.06,134
0.08,0.06,74
0.08,0.06,62
0.08,0.06,170
0.08,0.06,166
0.08,0.06,88
0.08,0.06,155
0.08,0.06,133
0.08,0.06,102
0.08,0.06,67
0.08,0.06,122
0.08,0.06,128
0.08,0.06,70
0.08,0.06,315
0.08,0.06,129
0.08,0.07,114
0.08,0.06,172
0.08,0.07,99
0.08,0.07,57
0.08,0.07,200
0.08,0.07,109
0.08,0.07,68
0.08,0.07,97
0.08,0.07,67
0.08,0.07,95
0.08,0.07,144
0.08,0.07,208
0.08,0.07,504
0.08,0.07,276
0.08,0.07,116
0.08,0.07,166
0.08,0.07,134
0.08,0.07,123
0.08,0.07,155
0.08,0.07,236
0.08,0.07,113
0.08,0.07,273
0.08,0.07,124
0.08,0.07,154
0.08,0.07,119
0.08,0.07,234
0.08,0.07,117
0.08,0.07,146
0.08,0.07,191
0.08,0.08,77
0.08,0.08,85
0.08,0.07,360
0.08,0.07,247
0.08,0.08,105
0.08,0.08,106
0.08,0.08,93
0.08,0.08,64
0.08,0.08,80
0.08,0.08,52
0.08,0.08,122
0.08,0.08,224
0.08,0.08,145
0.08,0.08,41
0.08,0.08,96
0.08,0.08,116
0.08,0.08,131
0.08,0.08,60
0.08,0.08,268
0.08,0.08,178
0.08,0.08,101
0.08,0.08,123
0.08,0.08,224
0.08,0.08,134
0.08,0.08,140
0.08,0.08,128
0.08,0.08,164
0.08,0.08,81
0.08,0.08,39
0.08,0.08,136
0.08,0.08,187
0.08,0.08,85
0.08,0.09,116
0.08,0.09,145
0.08,0.09,99
0.08,0.09,107
0.08,0.09,93
0.08,0.09,98
0.08,0.09,194
0.08,0.09,41
0.08,0.09,66
0.08,0.09,40
0.08,0.09,50
0.08,0.09,63
0.08,0.09,33
0.08,0.09,199
0.08,0.09,60
0.08,0.09,142
0.08,0.09,29
0.08,0.09,89
0.08,0.09,79
0.08,0.09,78
0.08,0.09,122
0.08,0.09,67
0.08,0.09,54
0.08,0.09,78
0.08,0.09,298
0.08,0.09,139
0.08,0.09,95
0.08,0.1,42
0.08,0.09,148
0.08,0.09,113
0.08,0.09,188
0.08,0.1,40
0.08,0.1,56
0.08,0.1,33
0.08,0.1,47
0.08,0.1,108
0.08,0.1,31
0.08,0.1,108
0.08,0.1,66
0.08,0.1,51
0.08,0.1,73
0.08,0.1,97
0.08,0.1,64
0.08,0.1,32
0.08,0.1,78
0.08,0.1,47
0.08,0.1,48
0.08,0.1,35
0.08,0.1,62
0.08,0.1,49
0.08,0.1,26
0.08,0.1,149
0.08,0.1,68
0.08,0.1,85
0.08,0.1,154
0.08,0.1,92
0.08,0.1,126
0.08,0.1,163
0.08,0.1,233
0.08,0.1,76
0.09,0.01,1588
0.09,0.01,627
0.09,0.01,2350
0.09,0.01,2443
0.09,0.01,504
0.09,0.01,686
0.09,0.01,778
0.09,0.01,3472
0.09,0.01,753
0.09,0.01,960
0.09,0.01,773
0.09,0.01,1445
0.09,0.01,612
0.09,0.01,975
0.09,0.01,1133
0.09,0.01,1546
0.09,0.01,1490
0.09,0.01,1199
0.09,0.01,1420
0.09,0.01,1144
0.09,0.01,585
0.09,0.01,823
0.09,0.01,3699
0.09,0.01,925
0.09,0.01,619
0.09,0.01,675
0.09,0.01,1267
0.09,0.01,1414
0.09,0.01,1614
0.09,0.02,251
0.09,0.02,1363
0.09,0.02,450
0.09,0.02,260
0.09,0.02,449
0.09,0.01,2081
0.09,0.02,481
0.09,0.02,333
0.09,0.02,413
0.09,0.02,293
0.09,0.02,906
0.09,0.02,661
0.09,0.02,333
0.09,0.02,232
0.09,0.02,596
0.09,0.02,405
0.09,0.02,548
0.09,0.02,331
0.09,0.02,361
0.09,0.02,366
0.09,0.02,385
0.09,0.02,368
0.09,0.02,563
0.09,0.02,222
0.09,0.02,385
0.09,0.02,537
0.09,0.02,1332
0.09,0.02,266
0.09,0.02,1003
0.09,0.02,683
0.09,0.03,377
0.09,0.03,318
0.09,0.02,1027
0.09,0.03,164
0.09,0.03,416
0.09,0.03,749
0.09,0.03,332
0.09,0.03,231
0.09,0.03,245
0.09,0.03,569
0.09,0.03,205
0.09,0.03,443
0.09,0.03,591
0.09,0.03,351
0.09,0.03,245
0.09,0.03,244
0.09,0.03,399
0.09,0.03,207
0.09,0.03,264
0.09,0.03,182
0.09,0.03,337
0.09,0.03,277
0.09,0.03,342
0.09,0.03,116
0.09,0.03,310
0.09,0.03,357
0.09,0.03,209
0.09,0.03,691
0.09,0.03,434
0.09,0.04,203
0.09,0.04,219
0.09,0.04,116
0.09,0.03,1014
0.09,0.03,601
0.09,0.04,265
0.09,0.04,91
0.09,0.04,435
0.09,0.04,218
0.09,0.04,488
0.09,0.04,159
0.09,0.04,336
0.09,0.04,261
0.09,0.04,310
0.09,0.04,310
0.09,0.04,221
0.09,0.04,178
0.09,0.04,173
0.09,0.04,102
0.09,0.04,192
0.09,0.04,386
0.09,0.04,548
0.09,0.04,366
0.09,0.04,107
0.09,0.04,202
0.09,0.04,153
0.09,0.04,286
0.09,0.04,412
0.09,0.04,632
0.09,0.04,131
0.09,0.04,189
0.09,0.04,208
0.09,0.05,131
0.09,0.05,95
0.09,0.05,172
0.09,0.05,176
0.09,0.05,94
0.09,0.05,126
0.09,0.05,75
0.09,0.05,79
0.09,0.05,111
0.09,0.05,183
0.09,0.05,199
0.09,0.05,298
0.09,0.05,182
0.09,0.05,210
0.09,0.05,265
0.09,0.05,225
0.09,0.05,143
0.09,0.05,313
0.09,0.05,164
0.09,0.05,267
0.09,0.05,106
0.09,0.05,181
0.09,0.05,243
0.09,0.05,128
0.09,0.05,308
0.09,0.05,221
0.09,0.05,382
0.09,0.06,80
0.09,0.05,183
0.09,0.05,155
0.09,0.05,353
0.09,0.06,126
0.09,0.06,136
0.09,0.06,179
0.09,0.06,93
0.09,0.06,139
0.09,0.06,170
0.09,0.06,313
0.09,0.06,123
0.09,0.06,153
0.09,0.06,104
0.09,0.06,199
0.09,0.06,138
0.09,0.06,169
0.09,0.06,98
0.09,0.06,97
0.09,0.06,82
0.09,0.06,100
0.09,0.06,309
0.09,0.06,100
0.09,0.06,106
0.09,0.06,199
0.09,0.06,143
0.09,0.06,211
0.09,0.06,93
0.09,0.06,183
0.09,0.06,121
0.09,0.06,108
0.09,0.06,293
0.09,0.06,263
0.09,0.07,53
0.09,0.07,46
0.09,0.07,179
0.09,0.07,42
0.09,0.07,109
0.09,0.07,102
0.09,0.07,156
0.09,0.07,78
0.09,0.07,118
0.09,0.07,236
0.09,0.07,183
0.09,0.07,114
0.09,0.07,67
0.09,0.07,287
0.09,0.07,115
0.09,0.07,38
0.09,0.07,84
0.09,0.07,77
0.09,0.07,138
0.09,0.07,99
0.09,0.07,98
0.09,0.07,131
0.09,0.07,107
0.09,0.07,62
0.09,0.07,56
0.09,0.07,168
0.09,0.07,331
0.09,0.07,63
0.09,0.07,85
0.09,0.07,92
0.09,0.08,65
0.09,0.08,75
0.09,0.08,147
0.09,0.08,98
0.09,0.08,165
0.09,0.08,157
0.09,0.08,95
0.09,0.08,136
0.09,0.08,53
0.09,0.08,78
0.09,0.08,59
0.09,0.08,50
0.09,0.08,107
0.09,0.08,146
0.09,0.08,169
0.09,0.08,109
0.09,0.08,103
0.09,0.08,29
0.09,0.08,158
0.09,0.08,158
0.09,0.08,53
0.09,0.08,89
0.09,0.08,37
0.09,0.08,136
0.09,0.08,93
0.09,0.08,55
0.09,0.08,27
0.09,0.08,46
0.09,0.08,61
0.09,0.09,56
0.09,0.09,41
0.09,0.09,72
0.09,0.08,123
0.09,0.09,82
0.09,0.09,36
0.09,0.09,92
0.09,0.09,59
0.09,0.09,47
0.09,0.09,52
0.09,0.09,54
0.09,0.09,29
0.09,0.09,107
0.09,0.09,60
0.09,0.09,41
0.09,0.09,99
0.09,0.09,106
0.09,0.09,68
0.09,0.09,122
0.09,0.09,56
0.09,0.09,28
0.09,0.09,89
0.09,0.09,43
0.09,0.09,52
0.09,0.09,99
0.09,0.09,70
0.09,0.09,40
0.09,0.09,62
0.09,0.09,91
0.09,0.09,60
0.09,0.1,35
0.09,0.09,103
0.09,0.1,72
0.09,0.1,55
0.09,0.1,38
0.09,0.1,31
0.09,0.1,42
0.09,0.1,58
0.09,0.1,91
0.09,0.1,28
0.09,0.1,57
0.09,0.1,99
0.09,0.1,24
0.09,0.1,54
0.09,0.1,34
0.09,0.1,68
0.09,0.1,34
0.09,0.1,68
0.09,0.1,36
0.09,0.1,32
0.09,0.1,78
0.09,0.1,83
0.09,0.1,79
0.09,0.1,30
0.09,0.1,57
0.09,0.1,85
0.09,0.1,43
0.09,0.1,70
0.09,0.1,58
0.09,0.1,133
0.09,0.1,214
0.1,0.01,405
0.1,0.01,746
0.1,0.01,742
0.1,0.01,625
0.1,0.01,576
0.1,0.01,1248
0.1,0.01,378
0.1,0.01,991
0.1,0.01,655
0.1,0.01,785
0.1,0.01,736
0.1,0.01,457
0.1,0.01,932
0.1,0.01,1102
0.1,0.01,633
0.1,0.01,1110
0.1,0.01,1163
0.1,0.01,1626
0.1,0.01,2231
0.1,0.01,1936
0.1,0.01,806
0.1,0.01,1343
0.1,0.01,1384
0.1,0.01,1054
0.1,0.01,1114
0.1,0.01,1364
0.1,0.01,2048
0.1,0.01,2235
0.1,0.01,1959
0.1,0.02,660
0.1,0.01,2526
0.1,0.02,431
0.1,0.02,176
0.1,0.02,435
0.1,0.02,614
0.1,0.02,1128
0.1,0.02,312
0.1,0.02,1354
0.1,0.02,611
0.1,0.02,1107
0.1,0.02,122
0.1,0.02,435
0.1,0.02,487
0.1,0.02,717
0.1,0.02,372
0.1,0.02,390
0.1,0.02,478
0.1,0.02,237
0.1,0.02,791
0.1,0.02,345
0.1,0.02,362
0.1,0.02,413
0.1,0.02,808
0.1,0.02,653
0.1,0.02,154
0.1,0.02,466
0.1,0.02,570
0.1,0.02,1278
0.1,0.02,663
0.1,0.03,190
0.1,0.03,89
0.1,0.02,956
0.1,0.03,272
0.1,0.03,144
0.1,0.03,320
0.1,0.03,243
0.1,0.03,236
0.1,0.03,269
0.1,0.03,338
0.1,0.03,157
0.1,0.03,516
0.1,0.03,631
0.1,0.03,396
0.1,0.03,480
0.1,0.03,292
0.1,0.03,332
0.1,0.03,366
0.1,0.03,238
0.1,0.03,170
0.1,0.03,131
0.1,0.03,333
0.1,0.03,279
0.1,0.03,581
0.1,0.03,205
0.1,0.03,378
0.1,0.03,1442
0.1,0.03,286
0.1,0.03,350
0.1,0.03,341
0.1,0.04,361
0.1,0.03,623
0.1,0.04,232
0.1,0.04,605
0.1,0.04,145
0.1,0.04,82
0.1,0.04,127
0.1,0.04,109
0.1,0.04,268
0.1,0.04,69
0.1,0.04,122
0.1,0.04,194
0.1,0.04,368
0.1,0.04,109
0.1,0.04,158
0.1,0.04,176
0.1,0.04,372
0.1,0.04,459
0.1,0.04,222
0.1,0.04,346
0.1,0.04,133
0.1,0.04,263
0.1,0.04,188
0.1,0.04,144
0.1,0.04,243
0.1,0.04,128
0.1,0.04,148
0.1,0.04,359
0.1,0.05,102
0.1,0.05,157
0.1,0.05,73
0.1,0.04,427
0.1,0.04,541
0.1,0.04,502
0.1,0.05,94
0.1,0.05,249
0.1,0.05,244
0.1,0.05,262
0.1,0.05,65
0.1,0.05,193
0.1,0.05,145
0.1,0.05,367
0.1,0.05,87
0.1,0.05,55
0.1,0.05,336
0.1,0.05,99
0.1,0.05,79
0.1,0.05,139
0.1,0.05,117
0.1,0.05,73
0.1,0.05,218
0.1,0.05,97
0.1,0.05,89
0.1,0.05,271
0.1,0.05,219
0.1,0.05,152
0.1,0.05,253
0.1,0.05,300
0.1,0.05,234
0.1,0.05,121
0.1,0.06,58
0.1,0.05,87
0.1,0.06,72
0.1,0.06,84
0.1,0.06,49
0.1,0.06,131
0.1,0.06,74
0.1,0.06,135
0.1,0.06,52
0.1,0.06,61
0.1,0.06,84
0.1,0.06,194
0.1,0.06,128
0.1,0.06,106
0.1,0.06,455
0.1,0.06,77
0.1,0.06,126
0.1,0.06,61
0.1,0.06,170
0.1,0.06,87
0.1,0.06,96
0.1,0.06,84
0.1,0.06,76
0.1,0.06,40
0.1,0.06,204
0.1,0.06,45
0.1,0.06,115
0.1,0.06,61
0.1,0.07,35
0.1,0.06,64
0.1,0.06,123
0.1,0.06,94
0.1,0.07,70
0.1,0.07,82
0.1,0.07,69
0.1,0.07,106
0.1,0.07,127
0.1,0.07,136
0.1,0.07,120
0.1,0.07,128
0.1,0.07,56
0.1,0.07,59
0.1,0.07,176
0.1,0.07,44
0.1,0.07,148
0.1,0.07,40
0.1,0.07,94
0.1,0.07,48
0.1,0.07,101
0.1,0.07,104
0.1,0.07,66
0.1,0.07,74
0.1,0.07,62
0.1,0.07,57
0.1,0.07,77
0.1,0.07,174
0.1,0.07,29
0.1,0.07,31
0.1,0.07,82
0.1,0.07,52
0.1,0.07,82
0.1,0.08,56
0.1,0.08,32
0.1,0.08,94
0.1,0.08,87
0.1,0.08,92
0.1,0.08,156
0.1,0.08,107
0.1,0.08,119
0.1,0.08,79
0.1,0.08,40
0.1,0.08,125
0.1,0.08,197
0.1,0.08,48
0.1,0.08,25
0.1,0.08,53
0.1,0.08,52
0.1,0.08,105
0.1,0.08,99
0.1,0.08,50
0.1,0.08,59
0.1,0.08,55
0.1,0.08,76
0.1,0.08,146
0.1,0.08,107
0.1,0.08,29
0.1,0.08,117
0.1,0.08,64
0.1,0.08,130
0.1,0.08,79
0.1,0.08,31
0.1,0.09,38
0.1,0.09,58
0.1,0.09,38
0.1,0.09,53
0.1,0.09,27
0.1,0.09,23
0.1,0.09,83
0.1,0.09,82
0.1,0.09,70
0.1,0.09,29
0.1,0.09,75
0.1,0.09,77
0.1,0.09,34
0.1,0.09,56
0.1,0.09,60
0.1,0.09,43
0.1,0.09,55
0.1,0.09,96
0.1,0.09,74
0.1,0.09,74
0.1,0.09,113
0.1,0.09,24
0.1,0.09,39
0.1,0.09,38
0.1,0.09,26
0.1,0.09,73
0.1,0.09,37
0.1,0.09,35
0.1,0.09,75
0.1,0.1,32
0.1,0.09,75
0.1,0.1,58
0.1,0.1,25
0.1,0.1,81
0.1,0.1,38
0.1,0.1,58
0.1,0.1,27
0.1,0.1,78
0.1,0.1,66
0.1,0.1,32
0.1,0.1,15
0.1,0.1,54
0.1,0.1,36
0.1,0.1,125
0.1,0.1,30
0.1,0.1,23
0.1,0.1,65
0.1,0.1,58
0.1,0.1,48
0.1,0.1,96
0.1,0.1,31
0.1,0.1,34
0.1,0.1,49
0.1,0.1,38
0.1,0.1,20
0.1,0.1,32
0.1,0.1,26
0.1,0.1,30
0.1,0.1,70
0.1,0.1,166
